% Model,stage5_reference_no_cooper_xoffset055_125g_solve_only_preview_result.mph
% Version,COMSOL 6.4.0.378
% Date,"Jun 4 2026, 13:23"
% Table,Table 3 - Volume Maximum 1
% Time (s),Displacement magnitude (mm),von Mises stress (N/m^2)
0,6.221482837428864E-13,4.3937922739951905E-9
0.025,0.02635374385980254,12.09488207700517
0.05,0.19598132242713123,62.30704321964252
0.07500000000000001,0.49310630928151056,139.76209572822899
0.1,0.7226000248267165,195.6407114452915
0.125,0.7407646383866692,212.7228486117372
0.15000000000000002,0.7429339881879007,221.09794681879995
0.17500000000000002,0.913007442607254,264.55486514131724
0.2,1.2016978086507901,341.032935615901
0.225,1.4220910770783606,403.568308970018
0.25,1.497045650313691,424.5185403277244
0.275,1.48884144029077,430.72146332414707
0.30000000000000004,1.6026982789033888,467.68970903849004
0.325,1.897279483639147,542.6047581690926
0.35000000000000003,2.162765769309341,609.5921481621032
0.375,2.2251861714905585,636.1512046519807
0.4,2.216760331056774,641.4458057795528
0.42500000000000004,2.335183454459303,671.6987782125831
0.45,2.587884468630621,743.7760461801079
0.47500000000000003,2.8630178277837186,815.0341743318843
0.5,2.9800445989587945,847.5210570315116
0.525,2.964758568592072,851.9382042145943
0.55,3.0255979623088147,877.4498842191007
0.5750000000000001,3.2981991130906403,944.2989507155357
0.6000000000000001,3.5797806335086055,1018.9126174863331
0.625,3.704989556587918,1057.950235521546
0.65,3.7094054562749004,1065.522335311365
0.675,3.7683441366220305,1083.3774599696824
0.7000000000000001,3.9777916497829007,1145.356661200177
0.7250000000000001,4.276109311444407,1220.963238738059
0.75,4.456762740601887,1268.347827915971
0.775,4.457863636275317,1277.6456820743106
0.8,4.478384153623029,1293.196472668863
0.8250000000000001,4.686667847556241,1344.2955050691432
0.8500000000000001,4.97840889061398,1422.8234894113878
0.875,5.170299529025979,1475.845582066353
0.9,5.209681757282025,1492.7331061173263
0.925,5.228389781419175,1500.2859311321254
0.9500000000000001,5.36926401902283,1547.6902025224058
0.9750000000000001,5.670312105575771,1622.122279904261
1,5.906743669442176,1683.4613706856426
1.0250000000000001,5.932271304653861,1693.5030359721657
1.05,5.756253830803164,1650.836735828845
1.075,5.601751626904887,1610.9535604171872
1.1,5.644547184928597,1625.347743627296
1.125,5.861653927903237,1677.532866443983
1.1500000000000001,5.968051854925374,1695.1669761326455
1.175,5.796205167478707,1661.228283424735
1.2000000000000002,5.597027810322023,1614.135883541568
1.2,5.5970278103220235,1614.135883541565
1.2049999999999998,5.577152240236177,1609.9823137282265
1.21,5.572524876166596,1609.169756117339
1.2149999999999999,5.574955060043815,1609.9041694552548
1.22,5.597273982158142,1614.1748977540708
1.2249999999999999,5.623544988134436,1619.130206776371
1.23,5.665224112822485,1626.8351190367605
1.2349999999999999,5.708039230912013,1635.0008852037413
1.24,5.754773274104443,1644.7563807826593
1.2449999999999999,5.799383971817425,1654.9039905577383
1.25,5.840876886870103,1665.6273516967353
1.255,5.882727812528273,1678.7578670799824
1.26,5.931682260183242,1698.5619573163376
1.265,6.002958026587619,1732.5434189877244
1.27,6.111846445491976,1783.981889118602
1.275,6.280028208563297,1852.6546002510443
1.28,6.524347777556487,1940.4784232386273
1.285,6.852327701859315,2046.809884756877
1.29,7.270643630620618,2170.88891137244
1.295,7.77904831826905,2311.870878301243
1.3,8.368869374703998,2468.251412076925
1.305,9.023299211761868,2637.785753282544
1.31,9.719890145403951,2817.7744271929896
1.315,10.435458065606193,3004.5993474517736
1.3199999999999998,11.149160440365282,3191.8770820931677
1.325,11.845233469546747,3371.0050967307106
1.33,12.507964305641492,3534.5065381029176
1.335,13.110503196704197,3673.6544363429443
1.3399999999999999,13.61429817608275,3780.5611957024016
1.345,13.984046167303733,3853.9561439965196
1.3499999999999999,14.190855746847115,3897.685858275696
1.355,14.233234384987178,3919.1785106350744
1.3599999999999999,14.146025962725309,3923.849259267709
1.365,13.952496680620289,3910.3740693206582
1.3699999999999999,13.672979785073862,3877.2374961173978
1.375,13.335194628960405,3825.499136993942
1.38,12.974201087469353,3759.5289175006105
1.385,12.629891838797436,3685.466503653871
1.39,12.32106726849864,3608.9392511229667
1.395,12.05917928570969,3534.863190287247
1.4,11.85320610849331,3469.288561043623
1.405,11.715149544561008,3420.583244449663
1.41,11.64967069727248,3393.9360403924347
1.415,11.658283412237513,3389.5449269597725
1.42,11.73994314721977,3405.555733949762
1.425,11.882672433720588,3437.5897795689457
1.43,12.077538039796453,3479.6348160655334
1.435,12.307588700706598,3524.4063114401483
1.44,12.550763860650836,3569.2856856260523
1.4449999999999998,12.777330859739155,3612.616360037461
1.45,12.960635475047445,3650.908740213687
1.455,13.071611974825377,3677.6691350029787
1.46,13.101444696764963,3689.093115053247
1.4649999999999999,13.04102078523795,3680.783192965243
1.47,12.893641028572594,3648.958183360599
1.475,12.665760644942603,3588.3392672879913
1.48,12.359080677395422,3493.312668552282
1.4849999999999999,11.976462894854299,3367.112329909182
1.49,11.5103676009612,3213.7759332008495
1.4949999999999999,10.952815260067002,3039.398790803242
1.5,10.292769472319304,2851.1088249687286
1.505,9.543039863864882,2657.978173544947
1.51,8.734325931989465,2465.950446597876
1.515,7.902207175273182,2277.2621397901967
1.52,7.090658726959624,2091.9094251583783
1.525,6.3532031486189835,1912.0594677082838
1.53,5.715558897413991,1743.7861073326249
1.535,5.193543573040983,1594.7716200979823
1.54,4.787267727043714,1470.7258345216603
1.545,4.478986856857537,1373.3102012056872
1.55,4.269570572810257,1303.893078450252
1.555,4.135617083866324,1256.2847271925357
1.56,4.067347627438219,1227.4471618358245
1.565,4.065052153689507,1212.2874134683057
1.5699999999999998,4.130729530333251,1203.4457868430884
1.575,4.213348693541821,1192.0958979216966
1.58,4.273558583587732,1172.2602692614603
1.585,4.284588370212509,1140.4029380081568
1.5899999999999999,4.223649630186935,1094.6090860162442
1.595,4.064147072411918,1033.251982457416
1.6,3.789575244398079,956.7481046924792
1.605,3.4006741600534913,865.6224254171419
1.6099999999999999,2.908118434723372,757.756673324904
1.615,2.337417067258954,630.9420233083135
1.6199999999999999,1.7343099549625343,483.6268967764161
1.625,1.1531337985332335,321.17972501915216
1.63,0.6031894278678117,148.78286270141652
1.635,0.3444581472378521,68.27218868431882
1.64,0.9063405088545127,211.719961467587
1.645,1.4380279380461838,367.9663593801639
1.65,1.9302285088135118,509.03104264652546
1.655,2.3733056156757,623.112932265319
1.66,2.7303164956610333,708.0965271221164
1.665,2.9636455958235404,760.9719050701896
1.67,3.0882489187745343,789.596793488577
1.675,3.0912669015513967,793.0948459049837
1.68,2.9794386925535474,773.1692558021085
1.685,2.759287842803328,728.5957823939832
1.69,2.455315333845691,660.3867136893679
1.6949999999999998,2.0976835512687906,572.0074912788991
1.7,1.714727909773604,470.69289367053324
1.705,1.3324397866787405,364.8564008165814
1.71,0.9836061098080697,263.71203939665764
1.7149999999999999,0.6635507738890741,192.48075556445812
1.72,0.5192799963436472,162.3305579810109
1.725,0.46471514261367664,149.4352536337008
1.73,0.44900834290595587,141.08590351711592
1.7349999999999999,0.4662251430884005,132.9733974233789
1.74,0.4932506773385828,127.95777830912947
1.745,0.42929236244323205,116.86677385171795
1.75,0.32046797811276806,90.64746800090626
1.755,0.2723651873193215,71.07503830483357
1.76,0.2945047239656137,60.25584888172303
1.7650000000000001,0.44892059402306045,97.12368686854816
1.77,0.6328615629916933,130.15346994527516
1.775,0.755336794739318,150.9845729523049
1.7799999999999998,0.7833948349877967,153.55585275922516
1.785,0.6986802548051028,145.88725185645097
1.79,0.5507721438819569,168.5592972828799
1.795,0.6828197431942801,222.2661854243196
1.7999999999999998,0.8475648502369986,282.92648738887215
1.805,1.0824653554347377,353.74919622203663
1.81,1.5627803860202405,511.709829856194
1.815,2.2984408771071534,694.2633411760814
1.8199999999999998,3.0880245125316894,884.6035827068584
1.825,3.8927868288714804,1080.4474888044447
1.83,4.690725446839737,1280.578655156283
1.835,5.446244995844005,1482.67949116681
1.8399999999999999,6.147456026329949,1680.9703491752466
1.845,6.777286431138384,1867.7191555158136
1.85,7.3250528093839575,2034.4591679381683
1.855,7.77930225913158,2173.507629291721
1.8599999999999999,8.127856986986624,2275.2712903837714
1.865,8.35962687634824,2332.5582920248635
1.87,8.46806059236728,2347.214110382483
1.875,8.436801396750203,2319.2987777357316
1.88,8.255017781290537,2250.2345886300036
1.885,7.929916244805928,2148.0498316014955
1.8900000000000001,7.48261338888266,2022.6277306496424
1.895,6.925919257577193,1881.2736868603588
1.9,6.2871050575151255,1729.168422935659
1.9000000000000001,6.287105057515095,1729.1684229356533
1.925,3.263662219696979,1016.7622380994655
1.9500000000000002,3.7050715862228856,1201.8170871305244
1.975,7.234696522629168,1918.275965629006
2,8.739380144665256,2350.3645872072548
2.0250000000000004,6.304545658061926,1800.8942539442276
2.0500000000000003,3.3355532285307876,1106.609852074287
2.075,3.722563943464962,1077.9795847929615
2.1,6.314974671977147,1882.0835577304
2.125,8.804362135439495,2319.5865798310256
2.1500000000000004,6.996508939707282,1913.4633594893958
2.1750000000000003,3.5521517065279227,1128.556191760775
2.2,3.2211746394539,1073.9337262352751
