% Model,stage5_reference_no_cooper_xoffset055_125g_volumetric_skin_solve_only_preview_result.mph
% Version,COMSOL 6.4.0.378
% Date,"Jun 4 2026, 10:51"
% Table,Table 3 - Volume Maximum 1
% Time (s),Displacement magnitude (mm),Displacement magnitude (mm),von Mises stress (N/m^2)
0,6.142367801587507E-13,6.142367801587507E-13,3.0464156602716823E-7
0.025,0.025879316258626727,0.025879316258626727,331.15798948699717
0.05,0.1377558956839307,0.1377558956839307,1185.0221924370103
0.07500000000000001,0.20532108848257324,0.20532108848257324,1784.0126815677093
0.1,0.211996509330273,0.211996509330273,1967.067364313598
0.125,0.28955320859175077,0.28955320859175077,2631.91912010095
0.15000000000000002,0.39702970930353354,0.39702970930353354,3454.8104160923526
0.17500000000000002,0.4136630213904816,0.4136630213904816,3749.076239655089
0.2,0.45171208888315506,0.45171208888315506,4110.829033606949
0.225,0.5623019669843371,0.5623019669843371,5003.25910940679
0.25,0.6246203622297228,0.6246203622297228,5526.116137581207
0.275,0.6273243883895178,0.6273243883895178,5731.763024881118
0.30000000000000004,0.7193109430978228,0.7193109430978228,6445.544046109479
0.325,0.8159779545933236,0.8159779545933236,7246.9430893429835
0.35000000000000003,0.8333395539917006,0.8333395539917006,7478.604314209516
0.375,0.8723226742178579,0.8723226742178579,7920.605799491716
0.4,0.9882179408180198,0.9882179408180198,8781.177372463302
0.42500000000000004,1.040772803010846,1.040772803010846,9301.744617482398
0.45,1.0530502743882846,1.0530502743882846,9508.81805344964
0.47500000000000003,1.1380327677359972,1.1380327677359972,10231.904947921237
0.5,1.2398490129763478,1.2398490129763478,11011.227601352302
0.525,1.2515731530479848,1.2515731530479848,11274.218288037642
0.55,1.296059302914842,1.296059302914842,11678.044233613236
0.5750000000000001,1.407409340990016,1.407409340990016,12577.965247649749
0.6000000000000001,1.4650985223881845,1.4650985223881845,13067.209242480532
0.625,1.4715147853889219,1.4715147853889219,13301.912483691905
0.65,1.5620697755049675,1.5620697755049675,13998.789615734431
0.675,1.658347073481818,1.658347073481818,14800.245882345802
0.7000000000000001,1.6756886706269618,1.6756886706269618,15037.970029239248
0.7250000000000001,1.7157251051936921,1.7157251051936921,15479.765392538247
0.75,1.8317061205092922,1.8317061205092922,16343.163897070115
0.775,1.8827884861011217,1.8827884861011217,16855.428157799237
0.8,1.8951252441658137,1.8951252441658137,17058.43786481395
0.8250000000000001,1.9819341990189723,1.9819341990189723,17805.759058929434
0.8500000000000001,2.082984840337301,2.082984840337301,18564.252744605496
0.875,2.0941007114747725,2.0941007114747725,18827.979164655644
0.9,2.1393528121351486,2.1393528121351486,19245.807747713414
0.925,2.2508276468683395,2.2508276468683395,20134.174401284152
0.9500000000000001,2.3064562681004444,2.3064562681004444,20620.62421140168
0.9750000000000001,2.3145199834462677,2.3145199834462677,20855.631715800064
1,2.4061990670365803,2.4061990670365803,21567.44220346339
1.0250000000000001,2.47467504219047,2.47467504219047,22024.870599337086
1.05,2.3816284864351096,2.3816284864351096,21414.177033563188
1.075,2.3510027046787774,2.3510027046787774,21242.855822692545
1.1,2.462265335813339,2.462265335813339,21930.85394011453
1.125,2.440155601928728,2.440155601928728,21806.191856250014
1.1500000000000001,2.339774031881412,2.339774031881412,21143.647671384704
1.175,2.4044986275502986,2.4044986275502986,21593.269412693884
1.2000000000000002,2.4781582735462258,2.4781582735462258,22020.13328358382
1.2,2.478158273546226,2.478158273546226,22020.13328358381
1.2049999999999998,2.467264538197602,2.467264538197602,21970.59652685619
1.21,2.449149776303937,2.449149776303937,21871.46815509086
1.2149999999999999,2.426899080055248,2.426899080055248,21743.61980135832
1.22,2.401353152290027,2.401353152290027,21575.511540027754
1.2249999999999999,2.3779357340002996,2.3779357340002996,21415.936871731734
1.23,2.357763555607445,2.357763555607445,21269.372410939268
1.2349999999999999,2.3464139651844285,2.3464139651844285,21184.909316865924
1.24,2.339651184975478,2.339651184975478,21134.063400382947
1.2449999999999999,2.3440624283293214,2.3440624283293214,21169.23653470425
1.25,2.357141896056979,2.357141896056979,21302.777401263913
1.255,2.3778618451857394,2.3778618451857394,21523.023898642503
1.26,2.4209500692024006,2.4209500692024006,22114.08047082799
1.265,2.4960804945740587,2.4960804945740587,23128.750823307033
1.27,2.616635807046306,2.616635807046306,24506.351068476444
1.275,2.792451982263537,2.792451982263537,26208.330379514664
1.28,3.0221488744099343,3.0221488744099343,28167.552730265415
1.285,3.297819834613883,3.297819834613883,30320.560471088476
1.29,3.6030876971173695,3.6030876971173695,32580.20719876266
1.295,3.916296273485059,3.916296273485059,34827.60199074012
1.3,4.2138904636045895,4.2138904636045895,36935.38648225252
1.305,4.471930473383776,4.471930473383776,38792.574885096714
1.31,4.668747162442263,4.668747162442263,40325.86859066388
1.315,4.790888612292475,4.790888612292475,41497.82773383786
1.3199999999999998,4.8398447836646525,4.8398447836646525,42295.30789528827
1.325,4.8322721422085975,4.8322721422085975,42733.75746164948
1.33,4.793508442446618,4.793508442446618,42879.939037232405
1.335,4.746977519221948,4.746977519221948,42813.751986732685
1.3399999999999999,4.708377036801902,4.708377036801902,42690.65710278195
1.345,4.684170690339776,4.684170690339776,42633.63430046585
1.3499999999999999,4.6832255485268215,4.6832255485268215,42758.01934600947
1.355,4.719799859473877,4.719799859473877,43154.53016806106
1.3599999999999999,4.812497167018289,4.812497167018289,43917.271679931626
1.365,4.951911820356988,4.951911820356988,45008.92091373389
1.3699999999999999,5.124220130617796,5.124220130617796,46362.77102334819
1.375,5.314319666115346,5.314319666115346,47840.94574165692
1.38,5.507899926139929,5.507899926139929,49274.72743946877
1.385,5.685500507349824,5.685500507349824,50465.48076501886
1.39,5.825915954031048,5.825915954031048,51271.40661109757
1.395,5.912513454849745,5.912513454849745,51629.7970235681
1.4,5.933592071338864,5.933592071338864,51577.258319036984
1.405,5.884013286639933,5.884013286639933,51211.69856231597
1.41,5.761953057204426,5.761953057204426,50574.309842976356
1.415,5.585680482857996,5.585680482857996,49658.54382086783
1.42,5.381875064188896,5.381875064188896,48470.06009076677
1.425,5.178248962165926,5.178248962165926,47103.09422415409
1.43,4.999545127905496,4.999545127905496,45752.342937066765
1.435,4.867160539115326,4.867160539115326,44632.799922351915
1.44,4.789691262169481,4.789691262169481,43842.88041362154
1.4449999999999998,4.758475487414139,4.758475487414139,43365.82444988531
1.45,4.762293457516839,4.762293457516839,43175.65529690442
1.455,4.7896505131373415,4.7896505131373415,43206.05839388139
1.46,4.829993619364605,4.829993619364605,43357.637909269986
1.4649999999999999,4.87213218056208,4.87213218056208,43512.03990957838
1.47,4.905152245283721,4.905152245283721,43540.741547620106
1.475,4.915426894728056,4.915426894728056,43303.61441183237
1.48,4.885249654581732,4.885249654581732,42695.38188232066
1.4849999999999999,4.794779608037623,4.794779608037623,41663.32516553059
1.49,4.62633618559905,4.62633618559905,40172.44390633605
1.4949999999999999,4.391320296612564,4.391320296612564,38315.7603466042
1.5,4.1062726956196975,4.1062726956196975,36193.70217551066
1.505,3.7948731551492325,3.7948731551492325,33935.74398651266
1.51,3.482751011871049,3.482751011871049,31671.28846683539
1.515,3.1970257292318736,3.1970257292318736,29550.24096346691
1.52,2.951888681893148,2.951888681893148,27658.819920890746
1.525,2.758918453630216,2.758918453630216,26042.85993096961
1.53,2.6245550652606204,2.6245550652606204,24716.176780131318
1.535,2.546843729279282,2.546843729279282,23672.34160368758
1.54,2.517436284198196,2.517436284198196,22917.06258606052
1.545,2.509275541480181,2.509275541480181,22385.677773777974
1.55,2.5010565282517634,2.5010565282517634,22011.795411352512
1.555,2.476730947498582,2.476730947498582,21654.96133304846
1.56,2.424127753728597,2.424127753728597,21101.05356176466
1.565,2.3282431113480135,2.3282431113480135,20110.421892967755
1.5699999999999998,2.1844160563005954,2.1844160563005954,18676.124906557474
1.575,1.9937358942752383,1.9937358942752383,16911.967599782023
1.58,1.760175861949155,1.760175861949155,14912.584411196754
1.585,1.4895860819531106,1.4895860819531106,12729.023679410995
1.5899999999999999,1.1891485561471011,1.1891485561471011,10423.900575617996
1.595,0.8772343511500629,0.8772343511500629,8148.570183710612
1.6,0.5774440249438144,0.5774440249438144,6050.114727695901
1.605,0.3444080986422964,0.3444080986422964,4268.711992016588
1.6099999999999999,0.20663636075416356,0.20663636075416356,2789.3377854772584
1.615,0.12998233672638512,0.12998233672638512,1659.7738014411316
1.6199999999999999,0.08206904787646012,0.08206904787646012,949.6140740280466
1.625,0.04594171618896013,0.04594171618896013,620.6255605597264
1.63,0.05637028737570925,0.05637028737570925,596.8540652101033
1.635,0.1096517847385885,0.1096517847385885,717.4976497771323
1.64,0.15564090376887024,0.15564090376887024,819.7932656973177
1.645,0.1794152566761695,0.1794152566761695,838.0548574434629
1.65,0.16259969465319926,0.16259969465319926,610.5893353770562
1.655,0.09236472159782663,0.09236472159782663,274.59053168538895
1.66,0.04574838960638721,0.04574838960638721,916.2788165827964
1.665,0.18332970807518884,0.18332970807518884,2141.768310459112
1.67,0.35726107492319026,0.35726107492319026,3532.1145883786494
1.675,0.5418490532849255,0.5418490532849255,4954.207071931628
1.68,0.7287993137996522,0.7287993137996522,6287.416042677146
1.685,0.9012853121518808,0.9012853121518808,7398.552018277528
1.69,1.0357189523614192,1.0357189523614192,8160.2951607005825
1.6949999999999998,1.1107444677482887,1.1107444677482887,8507.074911827
1.7,1.1061769389891083,1.1061769389891083,8409.461327804465
1.705,1.0370377329141038,1.0370377329141038,7974.889639354165
1.71,0.9032247757973839,0.9032247757973839,7184.832431613908
1.7149999999999999,0.7195054192468495,0.7195054192468495,6091.570710814591
1.72,0.5120689778188051,0.5120689778188051,4825.110994198742
1.725,0.3288474853875616,0.3288474853875616,3563.858681002502
1.73,0.19576024967338784,0.19576024967338784,2411.964293648649
1.7349999999999999,0.10141234161041843,0.10141234161041843,1406.4320034255227
1.74,0.053397072892052595,0.053397072892052595,633.2513222335251
1.745,0.05332445551148491,0.05332445551148491,248.32138831053635
1.75,0.04086398427160806,0.04086398427160806,160.52512875804203
1.755,0.024773104866208664,0.024773104866208664,299.0303705252367
1.76,0.07497640470821595,0.07497640470821595,593.4788898359647
1.7650000000000001,0.12367083274570279,0.12367083274570279,830.8902805168204
1.77,0.15452312039157823,0.15452312039157823,813.35532333201
1.775,0.1448154066726664,0.1448154066726664,442.341146655534
1.7799999999999998,0.07964002102565361,0.07964002102565361,470.0041702945602
1.785,0.10286745187281401,0.10286745187281401,1751.19096891153
1.79,0.24729817026924278,0.24729817026924278,3419.1685872076496
1.795,0.48152568706446547,0.48152568706446547,5315.390360905737
1.7999999999999998,0.7656583310001112,0.7656583310001112,7346.239484475768
1.805,1.0743584447857382,1.0743584447857382,9481.639282388382
1.81,1.384425038296122,1.384425038296122,11677.851236828219
1.815,1.6678852595712872,1.6678852595712872,13816.404066154815
1.8199999999999998,1.900073680129852,1.900073680129852,15737.31754535711
1.825,2.067329942796086,2.067329942796086,17319.16978894158
1.83,2.168827493956032,2.168827493956032,18509.828665489273
1.835,2.2159501899189085,2.2159501899189085,19308.34756577525
1.8399999999999999,2.2292269718721784,2.2292269718721784,19802.972896288244
1.845,2.23153312773392,2.23153312773392,20191.228308916267
1.85,2.243977548157183,2.243977548157183,20648.49743299847
1.855,2.280188256719832,2.280188256719832,21091.8285190363
1.8599999999999999,2.338135759412541,2.338135759412541,21337.991733872273
1.865,2.4044571420970366,2.4044571420970366,21516.208929562985
1.87,2.4658626990824533,2.4658626990824533,21766.54303242753
1.875,2.5159994382550956,2.5159994382550956,22103.533862514578
1.88,2.5501705211297923,2.5501705211297923,22453.084040795206
1.885,2.5677923871407993,2.5677923871407993,22681.01903466972
1.8900000000000001,2.5677666429781523,2.5677666429781523,22699.81243912683
1.895,2.5470139537419505,2.5470139537419505,22515.93981817454
1.9,2.5043267818033197,2.5043267818033197,22205.293006904507
1.9000000000000001,2.504326781803318,2.504326781803318,22205.29300690449
1.925,2.271770921529803,2.271770921529803,20643.63989638309
1.9500000000000002,2.3881544785148066,2.3881544785148066,21342.166706521555
1.975,2.5733605071926657,2.5733605071926657,22534.643926349287
2,2.3320981233819404,2.3320981233819404,21337.148116207925
2.0250000000000004,2.2941323065405124,2.2941323065405124,20912.0103688774
2.0500000000000003,2.5390063011260047,2.5390063011260047,22386.491872653747
2.075,2.44978431513133,2.44978431513133,21910.462152809956
2.1,2.252920989966474,2.252920989966474,20676.467290925626
2.125,2.4483368742528566,2.4483368742528566,21747.071905666853
2.1500000000000004,2.5519033622681144,2.5519033622681144,22303.057847149514
2.1750000000000003,2.2866601703903022,2.2866601703903022,20883.70527312467
2.2,2.3482042149989706,2.3482042149989706,21091.512998372233
