step,filename,vm_mean,vm_median,vm_max,vm_std,J_mean,J_min,J_max,inverted_elements,near_inverted_elements,min_J,max_J,mean_J,max_vm,part1_vm_mean,part1_vm_max,part1_J_mean,part1_n_elem,part2_vm_mean,part2_vm_max,part2_J_mean,part2_n_elem,disp_mean,disp_max
0,adipose_radial_gradient.0.vtk,502.1471252441406,470.92413330078125,1866.429931640625,292.6924133300781,1.0001825094223022,0.9902939796447754,1.0060499906539917,0,0,0.9902939796447754,1.0060499906539917,1.0001825094223022,1866.429931640625,653.5191040039062,1312.8555908203125,1.0002081394195557,2087,460.5522155761719,1866.429931640625,1.0001754760742188,7595,0.014971713535487652,0.03299005702137947
1,adipose_radial_gradient.1.vtk,710.5996704101562,599.650634765625,2855.26025390625,510.2519226074219,1.0003727674484253,0.9858989715576172,1.0089999437332153,0,0,0.9858989715576172,1.0089999437332153,1.0003727674484253,2855.26025390625,870.139404296875,2105.17138671875,1.0003703832626343,2087,666.7603759765625,2855.26025390625,1.0003736019134521,7595,0.015211493708193302,0.03303762525320053
2,adipose_radial_gradient.2.vtk,669.9992065429688,691.732666015625,2286.4755859375,376.3533020019531,1.0002925395965576,0.9848089814186096,1.0074800252914429,0,0,0.9848089814186096,1.0074800252914429,1.0002925395965576,2286.4755859375,913.5746459960938,1592.53173828125,1.0003809928894043,2087,603.068115234375,2286.4755859375,1.0002681016921997,7595,0.014389773830771446,0.033262696117162704
3,adipose_radial_gradient.3.vtk,507.4761962890625,496.1134033203125,1585.3544921875,221.04315185546875,1.0001477003097534,0.9894710183143616,1.004870057106018,0,0,0.9894710183143616,1.004870057106018,1.0001477003097534,1585.3544921875,742.1371459960938,999.405029296875,1.0002473592758179,2087,442.9946594238281,1585.3544921875,1.0001201629638672,7595,0.012024763971567154,0.03278215974569321
4,adipose_radial_gradient.4.vtk,394.263916015625,332.9908447265625,1700.9300537109375,213.48895263671875,1.0001212358474731,0.9899389743804932,1.005370020866394,0,0,0.9899389743804932,1.005370020866394,1.0001212358474731,1700.9300537109375,496.84637451171875,1065.1959228515625,1.000124454498291,2087,366.0756530761719,1700.9300537109375,1.0001202821731567,7595,0.010989855043590069,0.02996538020670414
5,adipose_radial_gradient.5.vtk,396.1920166015625,303.44256591796875,1531.280517578125,297.0272521972656,1.0001451969146729,0.9910849928855896,1.0054600238800049,0,0,0.9910849928855896,1.0054600238800049,1.0001451969146729,1531.280517578125,467.92449951171875,1265.22119140625,1.0001291036605835,2087,376.4809265136719,1531.280517578125,1.0001494884490967,7595,0.011817868798971176,0.025738511234521866
6,adipose_radial_gradient.6.vtk,416.041748046875,398.53643798828125,1437.923828125,296.72540283203125,1.0001506805419922,0.9913330078125,1.0052200555801392,0,0,0.9913330078125,1.0052200555801392,1.0001506805419922,1437.923828125,512.6876831054688,1200.13232421875,1.0001529455184937,2087,389.48480224609375,1437.923828125,1.0001500844955444,7595,0.012670963071286678,0.023957928642630577
7,adipose_radial_gradient.7.vtk,457.263671875,443.3515625,1537.262451171875,268.05328369140625,1.0001564025878906,0.9908310174942017,1.005139946937561,0,0,0.9908310174942017,1.005139946937561,1.0001564025878906,1537.262451171875,588.0826416015625,1168.6785888671875,1.000177264213562,2087,421.31646728515625,1537.262451171875,1.0001506805419922,7595,0.013538244180381298,0.026516634970903397
8,adipose_radial_gradient.8.vtk,479.8591613769531,463.38525390625,1723.716796875,274.0526123046875,1.0001646280288696,0.9903820157051086,1.0054600238800049,0,0,0.9903820157051086,1.0054600238800049,1.0001646280288696,1723.716796875,626.6270751953125,1203.2747802734375,1.000187635421753,2087,439.52935791015625,1723.716796875,1.0001583099365234,7595,0.014273523353040218,0.02955830842256546
9,adipose_radial_gradient.9.vtk,497.513671875,467.42193603515625,1880.5570068359375,289.8433837890625,1.0001773834228516,0.9903140068054199,1.0059200525283813,0,0,0.9903140068054199,1.0059200525283813,1.0001773834228516,1880.5570068359375,647.9829711914062,1286.6796875,1.000200629234314,2087,456.16680908203125,1880.5570068359375,1.0001710653305054,7595,0.014836507849395275,0.032662320882081985
10,adipose_radial_gradient.10.vtk,510.9571228027344,473.9971923828125,1949.340087890625,296.857421875,1.0001871585845947,0.990369975566864,1.0062099695205688,0,0,0.990369975566864,1.0062099695205688,1.0001871585845947,1949.340087890625,665.2092895507812,1341.3673095703125,1.000213861465454,2087,468.5708312988281,1949.340087890625,1.0001797676086426,7595,0.015201760455965996,0.03435562178492546
11,adipose_radial_gradient.11.vtk,517.9613647460938,482.3165588378906,1949.995361328125,297.46868896484375,1.0001914501190186,0.9903690218925476,1.0062999725341797,0,0,0.9903690218925476,1.0062999725341797,1.0001914501190186,1949.995361328125,676.6369018554688,1355.68798828125,1.0002214908599854,2087,474.3595886230469,1949.995361328125,1.000183343887329,7595,0.015395628288388252,0.034819845110177994
12,adipose_radial_gradient.12.vtk,520.2559204101562,488.20098876953125,1932.186767578125,298.5152282714844,1.0001935958862305,0.9903500080108643,1.0062899589538574,0,0,0.9903500080108643,1.0062899589538574,1.0001935958862305,1932.186767578125,680.2852783203125,1356.6099853515625,1.0002241134643555,2087,476.28216552734375,1932.186767578125,1.000185251235962,7595,0.015464487485587597,0.03463352844119072
13,adipose_radial_gradient.13.vtk,519.01611328125,488.33758544921875,1920.98388671875,300.5486145019531,1.0001940727233887,0.9903429746627808,1.0062600374221802,0,0,0.9903429746627808,1.0062600374221802,1.0001940727233887,1920.98388671875,677.0170288085938,1355.50048828125,1.0002226829528809,2087,475.5997314453125,1920.98388671875,1.0001860857009888,7595,0.015437241643667221,0.03419768065214157
14,adipose_radial_gradient.14.vtk,515.3712158203125,484.34808349609375,1914.05810546875,300.69573974609375,1.0001920461654663,0.990339994430542,1.0062099695205688,0,0,0.990339994430542,1.0062099695205688,1.0001920461654663,1914.05810546875,670.802978515625,1348.24365234375,1.0002192258834839,2087,472.66064453125,1914.05810546875,1.0001845359802246,7595,0.015340191312134266,0.03375977277755737
15,adipose_radial_gradient.15.vtk,510.71844482421875,479.5211181640625,1903.2352294921875,298.280029296875,1.0001884698867798,0.9903299808502197,1.0061500072479248,0,0,0.9903299808502197,1.0061500072479248,1.0001884698867798,1903.2352294921875,664.5950927734375,1334.8818359375,1.00021493434906,2087,468.43524169921875,1903.2352294921875,1.0001813173294067,7595,0.015210389159619808,0.03343309089541435
16,adipose_radial_gradient.16.vtk,506.2980651855469,475.19879150390625,1887.80224609375,295.0574035644531,1.0001851320266724,0.9903150200843811,1.0060900449752808,0,0,0.9903150200843811,1.0060900449752808,1.0001851320266724,1887.80224609375,659.2286987304688,1321.529052734375,1.0002110004425049,2087,464.27484130859375,1887.80224609375,1.0001779794692993,7595,0.015085544437170029,0.03321385383605957
17,adipose_radial_gradient.17.vtk,502.8704833984375,471.82769775390625,1872.55029296875,292.69598388671875,1.0001826286315918,0.9902989864349365,1.0060499906539917,0,0,0.9902989864349365,1.0060499906539917,1.0001826286315918,1872.55029296875,654.85107421875,1312.7279052734375,1.0002084970474243,2087,461.1083068847656,1872.55029296875,1.0001755952835083,7595,0.014989814721047878,0.033056240528821945
18,adipose_radial_gradient.18.vtk,500.68951416015625,469.4149169921875,1861.431640625,291.58148193359375,1.0001815557479858,0.9902889728546143,1.0060299634933472,0,0,0.9902889728546143,1.0060299634933472,1.0001815557479858,1861.431640625,651.7418823242188,1308.607421875,1.0002069473266602,2087,459.18243408203125,1861.431640625,1.0001745223999023,7595,0.014930362813174725,0.032934289425611496
19,adipose_radial_gradient.19.vtk,499.65203857421875,468.37896728515625,1855.5264892578125,291.2987976074219,1.0001811981201172,0.9902849793434143,1.006019949913025,0,0,0.9902849793434143,1.006019949913025,1.0001811981201172,1855.5264892578125,650.0996704101562,1307.20263671875,1.0002063512802124,2087,458.3111267089844,1855.5264892578125,1.0001742839813232,7595,0.014902874827384949,0.03284994512796402
